OrderId,UserId,ProductId,Quantity,OrderDate
87e19,huxXGOOQVDTkcUr2zVldAlarRhv2,1053037076,3,"Aug 11, 2023"
f20c7,LnbMdIfLhMhQyxVwQcPTk1zd3bx1,1051125803,2,"Dec 10, 2023"
83e2b,LnbMdIfLhMhQyxVwQcPTk1zd3bx1,1054774800,5,"May 11, 2024"
0b755,LnbMdIfLhMhQyxVwQcPTk1zd3bx1,1053422261,5,"Aug 24, 2023"
f7b9f,shLAzsuESzLayfOPecEd4D35qTu2,1047219914,3,"Jun 05, 2024"
7380e,huxXGOOQVDTkcUr2zVldAlarRhv2,1053706185,4,"Mar 18, 2024"
a96d9,shLAzsuESzLayfOPecEd4D35qTu2,1054184107,2,"Aug 28, 2023"
43005,huxXGOOQVDTkcUr2zVldAlarRhv2,1049717870,4,"May 26, 2024"
040e4,shLAzsuESzLayfOPecEd4D35qTu2,1047257414,4,"Jan 19, 2024"
0965d,shLAzsuESzLayfOPecEd4D35qTu2,1047261575,5,"Feb 12, 2024"
6afa7,huxXGOOQVDTkcUr2zVldAlarRhv2,1047254958,4,"Jan 08, 2024"
2226b,shLAzsuESzLayfOPecEd4D35qTu2,1054408658,5,"Feb 22, 2024"
2a926,shLAzsuESzLayfOPecEd4D35qTu2,1053037078,3,"Dec 04, 2023"
9f506,LnbMdIfLhMhQyxVwQcPTk1zd3bx1,1047255596,4,"May 11, 2024"
6ea87,huxXGOOQVDTkcUr2zVldAlarRhv2,1047215214,1,"Dec 22, 2023"
924fc,huxXGOOQVDTkcUr2zVldAlarRhv2,1053380893,1,"Dec 11, 2023"
cfee0,huxXGOOQVDTkcUr2zVldAlarRhv2,1047265590,5,"Dec 11, 2023"
50266,shLAzsuESzLayfOPecEd4D35qTu2,1047264748,2,"Nov 15, 2023"
0d63c,LnbMdIfLhMhQyxVwQcPTk1zd3bx1,1048344046,4,"May 17, 2024"
32798,LnbMdIfLhMhQyxVwQcPTk1zd3bx1,1047216405,1,"Jan 06, 2024"
7ee9e,huxXGOOQVDTkcUr2zVldAlarRhv2,1052440859,3,"Dec 28, 2023"
f5479,shLAzsuESzLayfOPecEd4D35qTu2,1053733165,5,"Nov 28, 2023"
83523,huxXGOOQVDTkcUr2zVldAlarRhv2,1050720702,3,"May 16, 2024"
d68a0,LnbMdIfLhMhQyxVwQcPTk1zd3bx1,1047259668,3,"Jun 01, 2024"
7e671,shLAzsuESzLayfOPecEd4D35qTu2,1054598357,5,"Aug 26, 2023"
c888d,LnbMdIfLhMhQyxVwQcPTk1zd3bx1,1047215115,5,"May 07, 2024"
8e9b4,shLAzsuESzLayfOPecEd4D35qTu2,1047219441,5,"Jan 05, 2024"
20b21,LnbMdIfLhMhQyxVwQcPTk1zd3bx1,1047269663,3,"Feb 13, 2024"
effaa,LnbMdIfLhMhQyxVwQcPTk1zd3bx1,1047255590,5,"Jan 10, 2024"
51550,shLAzsuESzLayfOPecEd4D35qTu2,1047255051,3,"Jan 14, 2024"
16ca3,LnbMdIfLhMhQyxVwQcPTk1zd3bx1,1047551745,3,"Oct 08, 2023"
69041,huxXGOOQVDTkcUr2zVldAlarRhv2,1049874097,1,"Jan 25, 2024"
cc50a,huxXGOOQVDTkcUr2zVldAlarRhv2,1047215316,1,"Jun 30, 2023"
1a369,shLAzsuESzLayfOPecEd4D35qTu2,1047262990,3,"Aug 10, 2023"
1ac69,shLAzsuESzLayfOPecEd4D35qTu2,1047249701,3,"Jan 11, 2024"
85f3d,shLAzsuESzLayfOPecEd4D35qTu2,1047957601,4,"Jul 17, 2023"
7c935,huxXGOOQVDTkcUr2zVldAlarRhv2,1047215082,3,"Jan 26, 2024"
5e834,huxXGOOQVDTkcUr2zVldAlarRhv2,1048483674,5,"May 04, 2024"
d5180,shLAzsuESzLayfOPecEd4D35qTu2,1047259668,3,"Nov 19, 2023"
3ceab,shLAzsuESzLayfOPecEd4D35qTu2,1047259682,5,"Jul 04, 2023"
9ead5,shLAzsuESzLayfOPecEd4D35qTu2,1047214546,5,"Nov 21, 2023"
91e17,huxXGOOQVDTkcUr2zVldAlarRhv2,1054553649,1,"Feb 08, 2024"
4d02d,huxXGOOQVDTkcUr2zVldAlarRhv2,1047215082,5,"Oct 01, 2023"
11d99,huxXGOOQVDTkcUr2zVldAlarRhv2,1047215321,3,"Feb 07, 2024"
f90c3,LnbMdIfLhMhQyxVwQcPTk1zd3bx1,1047215316,1,"Apr 02, 2024"
fc953,LnbMdIfLhMhQyxVwQcPTk1zd3bx1,1054183350,4,"Sep 05, 2023"
07ec0,LnbMdIfLhMhQyxVwQcPTk1zd3bx1,1053069602,4,"Dec 10, 2023"
befa5,LnbMdIfLhMhQyxVwQcPTk1zd3bx1,1053733164,4,"Jul 01, 2023"
78035,LnbMdIfLhMhQyxVwQcPTk1zd3bx1,1051302473,2,"Jul 06, 2023"
25183,LnbMdIfLhMhQyxVwQcPTk1zd3bx1,1047258408,4,"Sep 07, 2023"
2dbf5,shLAzsuESzLayfOPecEd4D35qTu2,1047255599,1,"Nov 22, 2023"
4885d,huxXGOOQVDTkcUr2zVldAlarRhv2,1051487655,2,"Nov 03, 2023"
6ad3d,shLAzsuESzLayfOPecEd4D35qTu2,1047214576,1,"Mar 20, 2024"
aef1b,shLAzsuESzLayfOPecEd4D35qTu2,1047244676,4,"Mar 16, 2024"
f32f3,shLAzsuESzLayfOPecEd4D35qTu2,1053541311,2,"Mar 15, 2024"
468ad,LnbMdIfLhMhQyxVwQcPTk1zd3bx1,1048390877,5,"Oct 28, 2023"
f5f5d,LnbMdIfLhMhQyxVwQcPTk1zd3bx1,1047247711,5,"Oct 10, 2023"
1176e,LnbMdIfLhMhQyxVwQcPTk1zd3bx1,1054774803,4,"Nov 21, 2023"
b48b8,shLAzsuESzLayfOPecEd4D35qTu2,1053853059,1,"Oct 12, 2023"
e5135,shLAzsuESzLayfOPecEd4D35qTu2,1047255051,1,"Dec 29, 2023"
b5073,shLAzsuESzLayfOPecEd4D35qTu2,1053559097,2,"Oct 04, 2023"
39cf4,LnbMdIfLhMhQyxVwQcPTk1zd3bx1,1055256724,2,"Jun 23, 2024"
ddf4b,LnbMdIfLhMhQyxVwQcPTk1zd3bx1,1047261575,2,"Jan 03, 2024"
034b9,shLAzsuESzLayfOPecEd4D35qTu2,1054774805,1,"Dec 05, 2023"
2a82f,shLAzsuESzLayfOPecEd4D35qTu2,1047215046,5,"Mar 25, 2024"
1542a,huxXGOOQVDTkcUr2zVldAlarRhv2,1048230715,3,"Sep 04, 2023"
d512a,huxXGOOQVDTkcUr2zVldAlarRhv2,1053733161,4,"Sep 02, 2023"
f0e14,LnbMdIfLhMhQyxVwQcPTk1zd3bx1,1054405471,3,"Nov 25, 2023"
eab40,LnbMdIfLhMhQyxVwQcPTk1zd3bx1,1047215299,4,"Dec 24, 2023"
592b9,LnbMdIfLhMhQyxVwQcPTk1zd3bx1,1053294468,4,"Oct 16, 2023"
5922e,shLAzsuESzLayfOPecEd4D35qTu2,1047828046,5,"Aug 29, 2023"
3c9a8,shLAzsuESzLayfOPecEd4D35qTu2,1054774793,1,"Jun 26, 2024"
6e2af,huxXGOOQVDTkcUr2zVldAlarRhv2,1047925019,2,"Feb 16, 2024"
c00ba,LnbMdIfLhMhQyxVwQcPTk1zd3bx1,1047957600,3,"Sep 06, 2023"
ff50a,huxXGOOQVDTkcUr2zVldAlarRhv2,1047255177,3,"Jul 18, 2023"
02027,huxXGOOQVDTkcUr2zVldAlarRhv2,1053733165,5,"Dec 05, 2023"
70aa2,shLAzsuESzLayfOPecEd4D35qTu2,1047263381,4,"Apr 13, 2024"
58bc2,LnbMdIfLhMhQyxVwQcPTk1zd3bx1,1048129216,4,"Dec 18, 2023"
9a76d,shLAzsuESzLayfOPecEd4D35qTu2,1047925019,5,"Jul 28, 2023"
a07d4,shLAzsuESzLayfOPecEd4D35qTu2,1047249861,5,"Sep 12, 2023"
9c29d,LnbMdIfLhMhQyxVwQcPTk1zd3bx1,1055256726,1,"Jun 16, 2024"
0b05f,LnbMdIfLhMhQyxVwQcPTk1zd3bx1,1054184105,5,"Oct 01, 2023"
be4b5,huxXGOOQVDTkcUr2zVldAlarRhv2,1050064324,4,"Jun 28, 2024"
fd6d7,huxXGOOQVDTkcUr2zVldAlarRhv2,1054408655,4,"Dec 14, 2023"
bf50f,huxXGOOQVDTkcUr2zVldAlarRhv2,1047215363,4,"Apr 17, 2024"
065bf,huxXGOOQVDTkcUr2zVldAlarRhv2,1054183350,3,"Oct 21, 2023"
97719,LnbMdIfLhMhQyxVwQcPTk1zd3bx1,1053749487,3,"Oct 17, 2023"
9cb01,shLAzsuESzLayfOPecEd4D35qTu2,1047835523,3,"Jul 01, 2023"
5bdfb,shLAzsuESzLayfOPecEd4D35qTu2,1054405471,1,"Apr 02, 2024"
17c17,huxXGOOQVDTkcUr2zVldAlarRhv2,1055475646,3,"Feb 19, 2024"
3f44d,LnbMdIfLhMhQyxVwQcPTk1zd3bx1,1054408662,3,"Jan 05, 2024"
ddad2,LnbMdIfLhMhQyxVwQcPTk1zd3bx1,1047215115,1,"Jan 20, 2024"
8b14f,LnbMdIfLhMhQyxVwQcPTk1zd3bx1,1047246670,2,"Mar 31, 2024"
c85ad,huxXGOOQVDTkcUr2zVldAlarRhv2,1051487723,4,"Jul 28, 2023"
5509a,shLAzsuESzLayfOPecEd4D35qTu2,1049565200,1,"Dec 11, 2023"
883b0,LnbMdIfLhMhQyxVwQcPTk1zd3bx1,1047242037,2,"Sep 29, 2023"
2c5df,LnbMdIfLhMhQyxVwQcPTk1zd3bx1,1047249701,5,"Jan 02, 2024"
6a8be,LnbMdIfLhMhQyxVwQcPTk1zd3bx1,1048230715,5,"Mar 16, 2024"
5c738,LnbMdIfLhMhQyxVwQcPTk1zd3bx1,1053749487,3,"Dec 27, 2023"
5f9b4,shLAzsuESzLayfOPecEd4D35qTu2,1053425308,2,"Dec 01, 2023"
cdcf3,huxXGOOQVDTkcUr2zVldAlarRhv2,1054352104,1,"Jun 07, 2024"
395f2,LnbMdIfLhMhQyxVwQcPTk1zd3bx1,1049929985,1,"May 04, 2024"
f476f,shLAzsuESzLayfOPecEd4D35qTu2,1053733161,5,"Jun 09, 2024"
a9cf5,LnbMdIfLhMhQyxVwQcPTk1zd3bx1,1053037080,4,"May 09, 2024"
056d3,shLAzsuESzLayfOPecEd4D35qTu2,1047255051,3,"Dec 27, 2023"
2a324,huxXGOOQVDTkcUr2zVldAlarRhv2,1047215237,5,"Feb 25, 2024"
a965b,LnbMdIfLhMhQyxVwQcPTk1zd3bx1,1055256728,2,"Oct 21, 2023"
80ed6,huxXGOOQVDTkcUr2zVldAlarRhv2,1047828046,2,"Oct 15, 2023"
bb6d0,shLAzsuESzLayfOPecEd4D35qTu2,1049565166,5,"Nov 25, 2023"
aeadb,huxXGOOQVDTkcUr2zVldAlarRhv2,1047215239,1,"Apr 23, 2024"
18ea9,shLAzsuESzLayfOPecEd4D35qTu2,1049565166,2,"May 02, 2024"
c4b24,huxXGOOQVDTkcUr2zVldAlarRhv2,1047249861,2,"Jul 21, 2023"
9f8cd,LnbMdIfLhMhQyxVwQcPTk1zd3bx1,1054585043,1,"Feb 12, 2024"
68e4c,huxXGOOQVDTkcUr2zVldAlarRhv2,1047262975,3,"May 31, 2024"
09eec,LnbMdIfLhMhQyxVwQcPTk1zd3bx1,1047269702,3,"Sep 30, 2023"
bbb56,huxXGOOQVDTkcUr2zVldAlarRhv2,1047254893,2,"Jul 21, 2023"
f3f0e,huxXGOOQVDTkcUr2zVldAlarRhv2,1052763938,1,"Mar 25, 2024"
d55c9,shLAzsuESzLayfOPecEd4D35qTu2,1054553637,4,"Jul 16, 2023"
c05b4,huxXGOOQVDTkcUr2zVldAlarRhv2,1052749559,2,"Oct 17, 2023"
5e83b,shLAzsuESzLayfOPecEd4D35qTu2,1047219441,4,"Apr 12, 2024"
73e35,LnbMdIfLhMhQyxVwQcPTk1zd3bx1,1054774797,3,"Jul 15, 2023"
33288,huxXGOOQVDTkcUr2zVldAlarRhv2,1052889982,1,"Mar 05, 2024"
5c2d3,LnbMdIfLhMhQyxVwQcPTk1zd3bx1,1047216405,3,"Dec 17, 2023"
83649,shLAzsuESzLayfOPecEd4D35qTu2,1053733160,1,"Sep 20, 2023"
2147d,LnbMdIfLhMhQyxVwQcPTk1zd3bx1,1053749487,3,"Sep 28, 2023"
d7bc2,LnbMdIfLhMhQyxVwQcPTk1zd3bx1,1047262047,3,"Feb 25, 2024"
aa5f6,LnbMdIfLhMhQyxVwQcPTk1zd3bx1,1047249867,4,"Nov 03, 2023"
16269,huxXGOOQVDTkcUr2zVldAlarRhv2,1050720702,4,"Mar 31, 2024"
7b437,LnbMdIfLhMhQyxVwQcPTk1zd3bx1,1054585039,3,"Apr 01, 2024"
2e230,LnbMdIfLhMhQyxVwQcPTk1zd3bx1,1047249293,3,"Oct 12, 2023"
94efb,shLAzsuESzLayfOPecEd4D35qTu2,1047244280,2,"Sep 05, 2023"
1fdf5,huxXGOOQVDTkcUr2zVldAlarRhv2,1053733156,1,"May 17, 2024"
bc752,huxXGOOQVDTkcUr2zVldAlarRhv2,1053897841,4,"Nov 21, 2023"
4604f,huxXGOOQVDTkcUr2zVldAlarRhv2,1047676787,5,"Apr 14, 2024"
4b318,huxXGOOQVDTkcUr2zVldAlarRhv2,1047255466,2,"Jan 18, 2024"
ac165,shLAzsuESzLayfOPecEd4D35qTu2,1053733165,3,"Oct 03, 2023"
e38e7,shLAzsuESzLayfOPecEd4D35qTu2,1047957600,3,"Apr 04, 2024"
0273b,huxXGOOQVDTkcUr2zVldAlarRhv2,1048271351,1,"Jul 20, 2023"
faa25,LnbMdIfLhMhQyxVwQcPTk1zd3bx1,1047222811,3,"Mar 27, 2024"
4cd30,huxXGOOQVDTkcUr2zVldAlarRhv2,1053201801,4,"Oct 21, 2023"
badad,LnbMdIfLhMhQyxVwQcPTk1zd3bx1,1050064319,5,"Apr 28, 2024"
76d4e,huxXGOOQVDTkcUr2zVldAlarRhv2,1052438527,3,"Mar 03, 2024"
c17cd,huxXGOOQVDTkcUr2zVldAlarRhv2,1047262987,4,"Sep 23, 2023"
7105b,LnbMdIfLhMhQyxVwQcPTk1zd3bx1,1054184103,3,"Jul 28, 2023"
81cea,shLAzsuESzLayfOPecEd4D35qTu2,1047255590,4,"Apr 02, 2024"
daac1,huxXGOOQVDTkcUr2zVldAlarRhv2,1047271347,5,"Jan 23, 2024"
bb728,huxXGOOQVDTkcUr2zVldAlarRhv2,1053380893,1,"Jan 17, 2024"
a68fb,huxXGOOQVDTkcUr2zVldAlarRhv2,1054359771,5,"Aug 13, 2023"
a88b4,LnbMdIfLhMhQyxVwQcPTk1zd3bx1,1054585039,3,"Jan 07, 2024"
2b879,shLAzsuESzLayfOPecEd4D35qTu2,1047219441,2,"Mar 15, 2024"
6b337,LnbMdIfLhMhQyxVwQcPTk1zd3bx1,1052889982,2,"Apr 29, 2024"
a7213,LnbMdIfLhMhQyxVwQcPTk1zd3bx1,1047957602,2,"Feb 28, 2024"
b95ef,shLAzsuESzLayfOPecEd4D35qTu2,1047257529,3,"Feb 27, 2024"
657e6,LnbMdIfLhMhQyxVwQcPTk1zd3bx1,1047215779,5,"Nov 15, 2023"
091e0,huxXGOOQVDTkcUr2zVldAlarRhv2,1047221435,2,"Apr 30, 2024"
17a6d,LnbMdIfLhMhQyxVwQcPTk1zd3bx1,1047244613,3,"Oct 05, 2023"
68062,shLAzsuESzLayfOPecEd4D35qTu2,1050739918,2,"Jul 02, 2023"
3082a,shLAzsuESzLayfOPecEd4D35qTu2,1047271347,2,"Jul 03, 2023"
bff2e,LnbMdIfLhMhQyxVwQcPTk1zd3bx1,1047221435,4,"Nov 17, 2023"
4dc17,LnbMdIfLhMhQyxVwQcPTk1zd3bx1,1047266066,2,"Aug 03, 2023"
0bcc7,LnbMdIfLhMhQyxVwQcPTk1zd3bx1,1047215115,1,"Apr 14, 2024"
76e4a,shLAzsuESzLayfOPecEd4D35qTu2,1054405471,5,"Oct 13, 2023"
57079,shLAzsuESzLayfOPecEd4D35qTu2,1047242037,3,"Oct 12, 2023"
e67a2,huxXGOOQVDTkcUr2zVldAlarRhv2,1051487655,2,"Mar 14, 2024"
ff0bb,LnbMdIfLhMhQyxVwQcPTk1zd3bx1,1054128584,1,"Mar 21, 2024"
530d2,huxXGOOQVDTkcUr2zVldAlarRhv2,1053853172,3,"Aug 06, 2023"
30cda,huxXGOOQVDTkcUr2zVldAlarRhv2,1047244676,1,"Jul 08, 2023"
b9054,LnbMdIfLhMhQyxVwQcPTk1zd3bx1,1052889982,1,"Jan 19, 2024"
ce331,huxXGOOQVDTkcUr2zVldAlarRhv2,1054183352,5,"Jan 19, 2024"
d5476,huxXGOOQVDTkcUr2zVldAlarRhv2,1047266066,3,"Apr 23, 2024"
22503,shLAzsuESzLayfOPecEd4D35qTu2,1049930032,1,"Nov 03, 2023"
f48a6,huxXGOOQVDTkcUr2zVldAlarRhv2,1054408662,5,"Feb 01, 2024"
07264,LnbMdIfLhMhQyxVwQcPTk1zd3bx1,1048343923,2,"Oct 26, 2023"
4871b,LnbMdIfLhMhQyxVwQcPTk1zd3bx1,1053897844,5,"Mar 12, 2024"
d7a1c,huxXGOOQVDTkcUr2zVldAlarRhv2,1053318516,3,"Jun 06, 2024"
bd0e1,LnbMdIfLhMhQyxVwQcPTk1zd3bx1,1047255466,5,"Sep 06, 2023"
797b4,LnbMdIfLhMhQyxVwQcPTk1zd3bx1,1053425308,5,"Jul 13, 2023"
54c1c,LnbMdIfLhMhQyxVwQcPTk1zd3bx1,1051302473,1,"Dec 22, 2023"
9cca6,LnbMdIfLhMhQyxVwQcPTk1zd3bx1,1050742220,4,"Feb 13, 2024"
828e3,shLAzsuESzLayfOPecEd4D35qTu2,1054405469,5,"Sep 26, 2023"
1f0a5,huxXGOOQVDTkcUr2zVldAlarRhv2,1051125803,4,"Aug 06, 2023"
2cf5d,LnbMdIfLhMhQyxVwQcPTk1zd3bx1,1047255177,5,"Sep 28, 2023"
3763c,LnbMdIfLhMhQyxVwQcPTk1zd3bx1,1054408659,3,"Oct 14, 2023"
beb92,shLAzsuESzLayfOPecEd4D35qTu2,1047269918,3,"Aug 27, 2023"
08688,shLAzsuESzLayfOPecEd4D35qTu2,1054251361,1,"Jun 28, 2024"
b3fb1,LnbMdIfLhMhQyxVwQcPTk1zd3bx1,1048390877,4,"Aug 19, 2023"
f6862,huxXGOOQVDTkcUr2zVldAlarRhv2,1047265563,5,"Oct 26, 2023"
10f6b,huxXGOOQVDTkcUr2zVldAlarRhv2,1047253882,2,"May 29, 2024"
1d9ad,LnbMdIfLhMhQyxVwQcPTk1zd3bx1,1047221912,5,"Jul 13, 2023"
546bb,LnbMdIfLhMhQyxVwQcPTk1zd3bx1,1053733161,1,"Dec 26, 2023"
11997,huxXGOOQVDTkcUr2zVldAlarRhv2,1054128584,5,"Aug 31, 2023"
3689d,shLAzsuESzLayfOPecEd4D35qTu2,1047480549,4,"Nov 04, 2023"
3a06e,LnbMdIfLhMhQyxVwQcPTk1zd3bx1,1047246489,5,"Jul 16, 2023"
78a71,huxXGOOQVDTkcUr2zVldAlarRhv2,1050574893,5,"Jan 07, 2024"
05963,shLAzsuESzLayfOPecEd4D35qTu2,1054183958,4,"Aug 14, 2023"
2e0d8,shLAzsuESzLayfOPecEd4D35qTu2,1054408653,3,"Jan 30, 2024"
8b4c9,huxXGOOQVDTkcUr2zVldAlarRhv2,1054405471,3,"Apr 05, 2024"
65270,LnbMdIfLhMhQyxVwQcPTk1zd3bx1,1047216405,5,"Jul 10, 2023"
db472,huxXGOOQVDTkcUr2zVldAlarRhv2,1052763942,4,"Apr 18, 2024"
d0481,LnbMdIfLhMhQyxVwQcPTk1zd3bx1,1049514968,4,"May 09, 2024"
a9891,huxXGOOQVDTkcUr2zVldAlarRhv2,1047262456,4,"Feb 21, 2024"
88c29,shLAzsuESzLayfOPecEd4D35qTu2,1047254958,1,"May 19, 2024"
6aa1e,huxXGOOQVDTkcUr2zVldAlarRhv2,1048230715,4,"Feb 04, 2024"
245c1,huxXGOOQVDTkcUr2zVldAlarRhv2,1047271693,1,"Mar 08, 2024"
bbcf8,shLAzsuESzLayfOPecEd4D35qTu2,1053375424,3,"Dec 12, 2023"
33eee,shLAzsuESzLayfOPecEd4D35qTu2,1047215094,4,"Aug 30, 2023"
c3527,shLAzsuESzLayfOPecEd4D35qTu2,1047254990,3,"Jun 25, 2024"
691d6,huxXGOOQVDTkcUr2zVldAlarRhv2,1054574516,3,"Apr 23, 2024"
ef386,huxXGOOQVDTkcUr2zVldAlarRhv2,1049502097,1,"Feb 20, 2024"
8a6af,shLAzsuESzLayfOPecEd4D35qTu2,1047253875,3,"Aug 29, 2023"
307e5,LnbMdIfLhMhQyxVwQcPTk1zd3bx1,1054774785,1,"May 19, 2024"
58fb0,shLAzsuESzLayfOPecEd4D35qTu2,1048271351,2,"Jul 04, 2023"
973be,shLAzsuESzLayfOPecEd4D35qTu2,1053037077,2,"Mar 02, 2024"
d36e6,huxXGOOQVDTkcUr2zVldAlarRhv2,1047215214,5,"Apr 08, 2024"
57bd0,huxXGOOQVDTkcUr2zVldAlarRhv2,1054774784,3,"Feb 07, 2024"
8a4df,huxXGOOQVDTkcUr2zVldAlarRhv2,1053897844,3,"May 31, 2024"
7f57a,LnbMdIfLhMhQyxVwQcPTk1zd3bx1,1054352042,1,"Jul 28, 2023"
7dac9,shLAzsuESzLayfOPecEd4D35qTu2,1047214579,2,"Jul 02, 2023"
52089,huxXGOOQVDTkcUr2zVldAlarRhv2,1049717870,5,"Dec 21, 2023"
82c53,huxXGOOQVDTkcUr2zVldAlarRhv2,1047215237,4,"Aug 24, 2023"
aeb3c,LnbMdIfLhMhQyxVwQcPTk1zd3bx1,1052749559,1,"Jun 28, 2024"
dbb43,shLAzsuESzLayfOPecEd4D35qTu2,1053733165,5,"Apr 10, 2024"
1249c,shLAzsuESzLayfOPecEd4D35qTu2,1053527248,2,"Jul 16, 2023"
14846,LnbMdIfLhMhQyxVwQcPTk1zd3bx1,1047253932,3,"Feb 09, 2024"
e865e,LnbMdIfLhMhQyxVwQcPTk1zd3bx1,1055262991,1,"May 09, 2024"
b01e3,shLAzsuESzLayfOPecEd4D35qTu2,1047255590,1,"Nov 16, 2023"
38c75,shLAzsuESzLayfOPecEd4D35qTu2,1047214546,5,"Apr 27, 2024"
076a7,LnbMdIfLhMhQyxVwQcPTk1zd3bx1,1052763942,5,"Oct 28, 2023"
bf326,shLAzsuESzLayfOPecEd4D35qTu2,1054251384,2,"Dec 29, 2023"
9e78b,huxXGOOQVDTkcUr2zVldAlarRhv2,1047215323,3,"Jul 17, 2023"
7789f,huxXGOOQVDTkcUr2zVldAlarRhv2,1047246600,5,"Jun 25, 2024"
af464,LnbMdIfLhMhQyxVwQcPTk1zd3bx1,1054183958,5,"Jul 11, 2023"
80714,shLAzsuESzLayfOPecEd4D35qTu2,1054245670,1,"May 28, 2024"
37dbf,LnbMdIfLhMhQyxVwQcPTk1zd3bx1,1047219441,4,"Oct 06, 2023"
cdd64,LnbMdIfLhMhQyxVwQcPTk1zd3bx1,1047271632,3,"Apr 19, 2024"
4c77a,shLAzsuESzLayfOPecEd4D35qTu2,1047254638,4,"Dec 17, 2023"
04447,shLAzsuESzLayfOPecEd4D35qTu2,1049523772,2,"May 12, 2024"
52b14,shLAzsuESzLayfOPecEd4D35qTu2,1053375101,5,"Oct 24, 2023"
f2362,LnbMdIfLhMhQyxVwQcPTk1zd3bx1,1054774785,1,"Sep 20, 2023"
987b5,shLAzsuESzLayfOPecEd4D35qTu2,1054774792,4,"Sep 26, 2023"
508fa,shLAzsuESzLayfOPecEd4D35qTu2,1053733160,5,"Feb 02, 2024"
6e4d5,huxXGOOQVDTkcUr2zVldAlarRhv2,1047263590,4,"Dec 25, 2023"
89b27,huxXGOOQVDTkcUr2zVldAlarRhv2,1047254616,5,"Nov 17, 2023"
e1775,LnbMdIfLhMhQyxVwQcPTk1zd3bx1,1053500374,4,"May 26, 2024"
569c5,huxXGOOQVDTkcUr2zVldAlarRhv2,1047214685,2,"Jul 25, 2023"
eb629,huxXGOOQVDTkcUr2zVldAlarRhv2,1047214786,4,"Jan 22, 2024"
42407,LnbMdIfLhMhQyxVwQcPTk1zd3bx1,1054408655,4,"May 02, 2024"
9b1d0,shLAzsuESzLayfOPecEd4D35qTu2,1047214723,5,"May 06, 2024"
a28e5,shLAzsuESzLayfOPecEd4D35qTu2,1052478306,3,"Feb 25, 2024"
4186a,shLAzsuESzLayfOPecEd4D35qTu2,1047219432,3,"Jul 13, 2023"
83bcd,LnbMdIfLhMhQyxVwQcPTk1zd3bx1,1047676787,5,"Apr 26, 2024"
99800,shLAzsuESzLayfOPecEd4D35qTu2,1054183352,4,"Sep 08, 2023"
e4fa8,huxXGOOQVDTkcUr2zVldAlarRhv2,1053422261,5,"Dec 16, 2023"
bab84,shLAzsuESzLayfOPecEd4D35qTu2,1047249293,2,"Nov 21, 2023"
8ee98,huxXGOOQVDTkcUr2zVldAlarRhv2,1047214706,5,"May 09, 2024"
48dbf,huxXGOOQVDTkcUr2zVldAlarRhv2,1048230715,2,"May 27, 2024"
0aea7,LnbMdIfLhMhQyxVwQcPTk1zd3bx1,1047255466,2,"Feb 22, 2024"
72584,huxXGOOQVDTkcUr2zVldAlarRhv2,1050063966,5,"May 20, 2024"
fec2d,huxXGOOQVDTkcUr2zVldAlarRhv2,1050574893,1,"Jul 03, 2023"
9ea0c,huxXGOOQVDTkcUr2zVldAlarRhv2,1050064324,3,"Apr 17, 2024"
0584e,shLAzsuESzLayfOPecEd4D35qTu2,1054553649,4,"Nov 14, 2023"
92519,shLAzsuESzLayfOPecEd4D35qTu2,1054352045,2,"May 19, 2024"
c2386,LnbMdIfLhMhQyxVwQcPTk1zd3bx1,1050574893,3,"Sep 05, 2023"
a5d9c,huxXGOOQVDTkcUr2zVldAlarRhv2,1047242037,4,"Aug 04, 2023"
cb4db,LnbMdIfLhMhQyxVwQcPTk1zd3bx1,1047216405,4,"Sep 28, 2023"
a4cb2,shLAzsuESzLayfOPecEd4D35qTu2,1047247019,3,"Jul 15, 2023"
f796a,huxXGOOQVDTkcUr2zVldAlarRhv2,1047253932,5,"Jan 13, 2024"
f9ead,shLAzsuESzLayfOPecEd4D35qTu2,1047253864,3,"Jul 07, 2023"
26aa3,LnbMdIfLhMhQyxVwQcPTk1zd3bx1,1047214723,5,"Oct 13, 2023"
d29cd,huxXGOOQVDTkcUr2zVldAlarRhv2,1047215084,5,"Dec 28, 2023"
d871f,huxXGOOQVDTkcUr2zVldAlarRhv2,1047253875,5,"Sep 26, 2023"
3a515,LnbMdIfLhMhQyxVwQcPTk1zd3bx1,1054251361,1,"Apr 24, 2024"
1cd32,LnbMdIfLhMhQyxVwQcPTk1zd3bx1,1049565166,2,"May 09, 2024"
cddf5,LnbMdIfLhMhQyxVwQcPTk1zd3bx1,1047219914,2,"Mar 08, 2024"
b0acc,huxXGOOQVDTkcUr2zVldAlarRhv2,1047216412,2,"Nov 07, 2023"
9f6ed,huxXGOOQVDTkcUr2zVldAlarRhv2,1048390877,1,"Mar 30, 2024"
33c3c,shLAzsuESzLayfOPecEd4D35qTu2,1054159079,3,"Jan 06, 2024"
51d5d,LnbMdIfLhMhQyxVwQcPTk1zd3bx1,1054117217,5,"Nov 10, 2023"
129a6,huxXGOOQVDTkcUr2zVldAlarRhv2,1047249861,1,"Aug 14, 2023"
bf9d6,shLAzsuESzLayfOPecEd4D35qTu2,1054774795,1,"May 20, 2024"
e49db,shLAzsuESzLayfOPecEd4D35qTu2,1047249867,2,"Nov 30, 2023"
07f06,huxXGOOQVDTkcUr2zVldAlarRhv2,1049514200,4,"May 21, 2024"
d6f2c,LnbMdIfLhMhQyxVwQcPTk1zd3bx1,1047261403,2,"May 07, 2024"
7bc64,huxXGOOQVDTkcUr2zVldAlarRhv2,1053375101,1,"Aug 21, 2023"
365f7,LnbMdIfLhMhQyxVwQcPTk1zd3bx1,1047215299,2,"Jun 08, 2024"
79916,LnbMdIfLhMhQyxVwQcPTk1zd3bx1,1047214723,2,"Nov 04, 2023"
9900c,huxXGOOQVDTkcUr2zVldAlarRhv2,1047219583,3,"Oct 20, 2023"
80db0,LnbMdIfLhMhQyxVwQcPTk1zd3bx1,1047828046,1,"Jun 14, 2024"
dbabf,LnbMdIfLhMhQyxVwQcPTk1zd3bx1,1054765243,2,"Jul 24, 2023"
0bb6d,huxXGOOQVDTkcUr2zVldAlarRhv2,1047265563,5,"Dec 06, 2023"
21e9d,shLAzsuESzLayfOPecEd4D35qTu2,1052889805,1,"Jun 21, 2024"
9e971,shLAzsuESzLayfOPecEd4D35qTu2,1054352045,2,"May 10, 2024"
6ac74,shLAzsuESzLayfOPecEd4D35qTu2,1047269663,5,"Jun 24, 2024"
d59fd,shLAzsuESzLayfOPecEd4D35qTu2,1047215291,1,"Nov 14, 2023"
ba960,huxXGOOQVDTkcUr2zVldAlarRhv2,1047254894,4,"Jul 11, 2023"
d73cb,LnbMdIfLhMhQyxVwQcPTk1zd3bx1,1047269702,2,"Aug 03, 2023"
0915b,shLAzsuESzLayfOPecEd4D35qTu2,1054117217,3,"Sep 19, 2023"
02ab1,LnbMdIfLhMhQyxVwQcPTk1zd3bx1,1053706200,5,"May 23, 2024"
b8f9f,huxXGOOQVDTkcUr2zVldAlarRhv2,1047263381,4,"Aug 11, 2023"
7679e,shLAzsuESzLayfOPecEd4D35qTu2,1054405472,1,"Oct 27, 2023"
